,ms2_id,Sample_id,explained_Int(%),SummMS2Table_id,Slice_id
0,1.0,9.0,0.962796469836287,72.0,0.0
1,3.0,20.0,0.9906026292085355,73.0,0.0
2,2.0,8.0,0.9711817904022721,74.0,0.0
3,1.0,0.0,0.9567851490152336,71.0,0.0
4,3.0,19.0,0.9605717616344653,75.0,0.0
5,4.0,0.0,0.9964553981223745,131.0,0.0
6,13.0,1.0,0.9855970895346884,133.0,0.0
7,5.0,10.0,1.0,135.0,0.0
8,25.0,2.0,0.981199558229715,140.0,0.0
9,26.0,2.0,0.9779680297088797,141.0,0.0
10,6.0,10.0,0.9654682179402256,142.0,0.0
11,4.0,17.0,0.9619251412920162,145.0,0.0
12,7.0,0.0,0.9825474505054252,152.0,0.0
13,14.0,22.0,0.9715889495968385,154.0,0.0
14,7.0,9.0,0.9965832099891399,157.0,0.0
15,3.0,4.0,0.9586541890516143,158.0,0.0
16,7.0,21.0,0.9518804110462938,169.0,0.0
17,16.0,1.0,0.9843937743479164,173.0,0.0
18,5.0,7.0,0.9948113820794731,174.0,0.0
19,20.0,1.0,0.9909104532949409,178.0,0.0
20,4.0,14.0,0.9516741366951057,182.0,0.0
21,3.0,5.0,0.9537271598527047,183.0,0.0
22,3.0,8.0,0.9686154791563572,185.0,0.0
23,22.0,1.0,0.9748186403105823,187.0,0.0
24,37.0,2.0,0.9967428156703392,189.0,0.0
25,8.0,21.0,0.9844711493828269,193.0,0.0
26,39.0,2.0,0.9872387623202219,196.0,0.0
27,3.0,23.0,0.9745545449848805,198.0,0.0
28,2.0,1.0,0.97561359684589,76.0,0.0
29,2.0,18.0,0.9851055445239574,77.0,0.0
30,9.0,22.0,0.9828840944443245,78.0,0.0
31,4.0,20.0,1.0,202.0,0.0
32,42.0,2.0,0.9888474287070771,204.0,0.0
33,4.0,21.0,0.9868906420994495,81.0,0.0
34,12.0,9.0,0.9712883990180893,207.0,0.0
35,3.0,17.0,0.9753292991657629,83.0,0.0
36,3.0,2.0,0.9907144201680659,84.0,0.0
37,13.0,9.0,1.0,209.0,0.0
38,6.0,14.0,1.0,215.0,0.0
39,7.0,2.0,0.9857414373911367,89.0,0.0
40,1.0,10.0,0.9537230450156681,93.0,0.0
41,11.0,22.0,0.9739863474349871,96.0,0.0
42,4.0,19.0,0.9587390255733931,99.0,0.0
43,18.0,9.0,1.0,227.0,0.0
44,2.0,6.0,1.0,229.0,0.0
45,3.0,6.0,0.9879892956454126,230.0,0.0
46,11.0,21.0,0.9522684598638127,231.0,0.0
47,2.0,7.0,1.0,104.0,0.0
48,2.0,10.0,0.9927872258238134,107.0,0.0
49,3.0,18.0,0.9545834282011615,108.0,0.0
50,9.0,1.0,0.9793925223043872,110.0,0.0
51,3.0,10.0,0.9624418095566797,113.0,0.0
52,18.0,2.0,0.9908052419883595,115.0,0.0
53,4.0,10.0,1.0,116.0,0.0
54,3.0,0.0,0.9803874947658906,117.0,0.0
55,12.0,22.0,0.9762638768513108,118.0,0.0
56,20.0,2.0,0.994215493528919,120.0,0.0
57,3.0,7.0,0.9727783766276263,123.0,0.0
58,4.0,16.0,0.9569640279819596,124.0,0.0
59,22.0,2.0,0.9541602856603859,127.0,0.0
60,47.0,14.0,1.0,1024.0,0.0
61,72.0,19.0,0.9581441271096145,1051.0,0.0
62,31.0,18.0,0.9871979258049919,1052.0,0.0
63,32.0,18.0,0.9917098736253224,1054.0,0.0
64,33.0,18.0,0.9867510111993262,1055.0,0.0
65,56.0,20.0,1.0,1057.0,0.0
66,69.0,17.0,0.975149089873299,1058.0,0.0
67,54.0,0.0,0.9834539322127848,1059.0,0.0
68,70.0,17.0,0.9921898894898774,1060.0,0.0
69,71.0,17.0,0.9832342461679271,1061.0,0.0
70,34.0,18.0,1.0,1064.0,0.0
71,77.0,22.0,0.9747179691481919,1065.0,0.0
72,63.0,7.0,0.9603540417803375,1066.0,0.0
73,62.0,20.0,0.9625561704354836,1069.0,0.0
74,23.0,16.0,1.0,1070.0,0.0
75,64.0,20.0,0.9628726621255155,1073.0,0.0
76,4.0,12.0,0.9562704167408677,1078.0,0.0
77,7.0,4.0,1.0,1079.0,0.0
78,43.0,6.0,0.9637731056238813,1092.0,0.0
79,5.0,12.0,0.9508028374004149,1097.0,0.0
80,44.0,6.0,0.9910316180537472,1100.0,0.0
81,75.0,17.0,0.9778592809640752,1103.0,0.0
82,3.0,1.0,0.9912921529771198,82.0,0.0
83,45.0,6.0,0.9502870548128107,1104.0,0.0
84,38.0,18.0,0.9762493670227161,1105.0,0.0
85,39.0,18.0,0.9847454134280104,1106.0,0.0
86,46.0,6.0,0.9760694404132733,1107.0,0.0
87,40.0,18.0,0.9896252351779133,1108.0,0.0
88,2.0,9.0,0.9938060893515549,91.0,0.0
89,47.0,6.0,0.9617865959810138,1109.0,0.0
90,41.0,18.0,0.9918811691011753,1111.0,0.0
91,49.0,14.0,1.0,1122.0,0.0
92,2.0,0.0,0.9789408084672933,102.0,0.0
93,51.0,14.0,1.0,1127.0,0.0
94,14.0,2.0,0.9888668731317708,106.0,0.0
95,24.0,16.0,0.9721283070337429,1139.0,0.0
96,47.0,18.0,0.9748815942857944,1141.0,0.0
97,76.0,19.0,0.9900254714336536,1144.0,0.0
98,12.0,1.0,0.9928806120264299,130.0,0.0
99,4.0,9.0,0.9909252283560798,132.0,0.0
100,71.0,10.0,0.9917092360960489,1161.0,0.0
101,51.0,18.0,0.9914283431962969,1162.0,0.0
102,53.0,6.0,0.9896899838791101,1164.0,0.0
103,55.0,6.0,0.9843472732922741,1170.0,0.0
104,5.0,13.0,0.9625169449835425,1176.0,0.0
105,78.0,17.0,0.9549661226728304,1177.0,0.0
106,64.0,8.0,0.9953497211862874,1188.0,0.0
107,58.0,6.0,0.9801591680582527,1189.0,0.0
108,15.0,1.0,0.980836442338852,166.0,0.0
109,71.0,21.0,0.9737403803884702,1190.0,0.0
110,59.0,6.0,0.986920566734077,1191.0,0.0
111,78.0,22.0,0.9614337727478464,1193.0,0.0
112,72.0,21.0,0.9889708288416722,1194.0,0.0
113,35.0,15.0,1.0,1195.0,0.0
114,6.0,12.0,1.0,1196.0,0.0
115,17.0,1.0,0.978001384712702,175.0,0.0
116,65.0,8.0,1.0,1197.0,0.0
117,19.0,1.0,0.9884540504225329,177.0,0.0
118,9.0,10.0,0.9644775634266419,186.0,0.0
119,9.0,9.0,0.9739945003437083,191.0,0.0
120,61.0,6.0,0.9916206103195278,1215.0,0.0
121,71.0,20.0,0.9947187172035853,1216.0,0.0
122,62.0,6.0,0.9832125455315677,1217.0,0.0
123,38.0,15.0,0.9747716535628411,1218.0,0.0
124,9.0,0.0,0.9845940435544528,199.0,0.0
125,21.0,22.0,0.9705189503560027,208.0,0.0
126,67.0,18.0,0.9885881792121899,1233.0,0.0
127,73.0,20.0,0.969094153271984,1234.0,0.0
128,68.0,18.0,0.9771544068823735,1235.0,0.0
129,68.0,6.0,0.9943108903808238,1240.0,0.0
130,74.0,20.0,1.0,1242.0,0.0
131,69.0,6.0,0.9979754250503825,1243.0,0.0
132,95.0,1.0,0.9794903359666957,1249.0,0.0
133,74.0,18.0,0.9954826745187699,1256.0,0.0
134,44.0,2.0,0.993507372989842,234.0,0.0
135,19.0,9.0,0.9952978928294371,235.0,0.0
136,8.0,14.0,0.9851508566462938,238.0,0.0
137,29.0,1.0,0.9920761910279938,239.0,0.0
138,76.0,21.0,0.9764081692032611,1262.0,0.0
139,23.0,22.0,0.9845598575875317,247.0,0.0
140,47.0,2.0,0.9723474969781033,250.0,0.0
141,21.0,9.0,0.9960276842739028,257.0,0.0
142,53.0,2.0,0.9918998889690182,260.0,0.0
143,8.0,19.0,0.991602789230501,261.0,0.0
144,10.0,7.0,0.9864283620213338,264.0,0.0
145,27.0,22.0,0.989652520348046,268.0,0.0
146,4.0,8.0,0.9893529637531288,270.0,0.0
147,6.0,20.0,0.9659137490931792,271.0,0.0
148,28.0,22.0,0.9825421827393703,276.0,0.0
149,11.0,7.0,0.958093470082052,281.0,0.0
150,4.0,4.0,1.0,284.0,0.0
151,12.0,10.0,0.9766843801136831,286.0,0.0
152,9.0,19.0,0.986348465928388,291.0,0.0
153,4.0,23.0,0.9634489889349446,292.0,0.0
154,31.0,22.0,0.9741204510291799,298.0,0.0
155,60.0,2.0,0.9780581230232457,300.0,0.0
156,32.0,22.0,0.9851646867173229,306.0,0.0
157,63.0,2.0,0.9877920343712987,308.0,0.0
158,5.0,8.0,0.989029661493817,313.0,0.0
159,8.0,20.0,0.9945924726997986,314.0,0.0
160,6.0,8.0,0.9920735618596057,316.0,0.0
161,65.0,2.0,0.9814624679191217,317.0,0.0
162,14.0,10.0,0.9728816970184065,326.0,0.0
163,30.0,9.0,0.9592722878552254,337.0,0.0
164,16.0,7.0,0.9849772874121375,350.0,0.0
165,15.0,0.0,0.9876121958720868,351.0,0.0
166,31.0,9.0,0.9902320551047038,354.0,0.0
167,13.0,21.0,0.9923044228772873,355.0,0.0
168,14.0,19.0,0.9831303443598619,356.0,0.0
169,37.0,22.0,0.9898009609323327,358.0,0.0
170,15.0,17.0,0.9892327146781791,359.0,0.0
171,34.0,9.0,0.9671833773470991,363.0,0.0
172,38.0,22.0,0.9928010550033356,364.0,0.0
173,35.0,9.0,0.9915104412595402,365.0,0.0
174,19.0,10.0,0.9751814360062165,366.0,0.0
175,16.0,17.0,0.9853935980527521,368.0,0.0
176,20.0,10.0,0.9708748847489056,370.0,0.0
177,5.0,11.0,0.9556853794118519,378.0,0.0
178,14.0,21.0,0.9809590511691026,387.0,0.0
179,6.0,18.0,0.993274487698887,393.0,0.0
180,7.0,6.0,0.957250524559798,394.0,0.0
181,40.0,1.0,0.9902817076829955,397.0,0.0
182,8.0,6.0,1.0,399.0,0.0
183,70.0,2.0,0.9812954369016803,400.0,0.0
184,24.0,10.0,0.9892953027377706,401.0,0.0
185,19.0,7.0,0.9754117188039941,402.0,0.0
186,42.0,1.0,0.9526342599582917,404.0,0.0
187,44.0,22.0,0.986673827657128,405.0,0.0
188,10.0,8.0,0.9846240770819412,406.0,0.0
189,20.0,7.0,0.957562306339675,410.0,0.0
190,72.0,2.0,0.9745185694700077,412.0,0.0
191,25.0,10.0,0.9970904145078859,413.0,0.0
192,45.0,22.0,0.9859333065935039,415.0,0.0
193,46.0,22.0,0.9794141370485181,422.0,0.0
194,41.0,9.0,0.9869795931749291,426.0,0.0
195,21.0,17.0,0.9915466829806373,427.0,0.0
196,17.0,0.0,0.9837671125729199,428.0,0.0
197,76.0,2.0,0.9829815970490918,429.0,0.0
198,77.0,2.0,0.9824806394094223,433.0,0.0
199,19.0,0.0,0.9679105060800928,434.0,0.0
200,13.0,8.0,0.988113646567251,438.0,0.0
201,17.0,19.0,0.9911199182060023,446.0,0.0
202,22.0,17.0,0.9880612815860069,449.0,0.0
203,48.0,22.0,0.9850517630415874,450.0,0.0
204,23.0,7.0,0.9617496164715723,458.0,0.0
205,18.0,19.0,0.9947609528757055,459.0,0.0
206,47.0,9.0,0.995706091030037,460.0,0.0
207,21.0,0.0,0.9872956512020676,461.0,0.0
208,22.0,0.0,0.9872925010853251,462.0,0.0
209,27.0,17.0,0.9608307759736008,465.0,0.0
210,27.0,10.0,0.993733599463866,466.0,0.0
211,79.0,2.0,0.9961244197860328,468.0,0.0
212,14.0,8.0,0.9558958510853192,475.0,0.0
213,17.0,14.0,1.0,496.0,0.0
214,22.0,21.0,0.9697675795970339,511.0,0.0
215,34.0,17.0,0.9919197918882345,513.0,0.0
216,23.0,21.0,0.9622070654242904,515.0,0.0
217,18.0,8.0,0.994913287808847,517.0,0.0
218,7.0,16.0,1.0,521.0,0.0
219,8.0,16.0,0.959961877482562,524.0,0.0
220,29.0,10.0,0.9912039768142514,525.0,0.0
221,25.0,7.0,0.993477242513309,529.0,0.0
222,23.0,19.0,0.996841275990362,530.0,0.0
223,26.0,7.0,0.9838856778549705,532.0,0.0
224,26.0,0.0,0.9930754392581652,533.0,0.0
225,53.0,1.0,0.997156448254172,534.0,0.0
226,56.0,1.0,0.9891143116684178,538.0,0.0
227,10.0,16.0,1.0,543.0,0.0
228,12.0,15.0,1.0,561.0,0.0
229,30.0,0.0,0.9931794065931824,587.0,0.0
230,24.0,14.0,0.986479002427572,590.0,0.0
231,30.0,19.0,0.9936772300591874,591.0,0.0
232,39.0,17.0,0.9844015416998728,592.0,0.0
233,15.0,20.0,0.9546973804481463,593.0,0.0
234,32.0,7.0,0.9861546983980262,594.0,0.0
235,33.0,7.0,0.9873927026938447,595.0,0.0
236,88.0,2.0,0.9961899414558318,596.0,0.0
237,34.0,7.0,0.9788675002553878,597.0,0.0
238,31.0,19.0,0.987022659656194,598.0,0.0
239,12.0,6.0,0.9650977248251559,599.0,0.0
240,33.0,10.0,0.9674650920191111,604.0,0.0
241,7.0,18.0,0.9824624224997908,606.0,0.0
242,22.0,8.0,0.9693099455413928,607.0,0.0
243,34.0,10.0,0.984659136109596,608.0,0.0
244,16.0,20.0,0.990999568526404,611.0,0.0
245,90.0,2.0,0.9923516295244164,616.0,0.0
246,35.0,10.0,0.992793928102713,617.0,0.0
247,32.0,21.0,1.0,618.0,0.0
248,43.0,17.0,0.9964883261915451,638.0,0.0
249,22.0,20.0,0.9562790078160053,658.0,0.0
250,44.0,17.0,0.9648435879276926,660.0,0.0
251,63.0,9.0,0.9956073314133774,661.0,0.0
252,45.0,17.0,0.9927811864504085,662.0,0.0
253,46.0,17.0,0.9513690507007888,663.0,0.0
254,35.0,21.0,0.990636687107476,664.0,0.0
255,36.0,21.0,0.9829068495124248,668.0,0.0
256,17.0,6.0,0.969537757636192,673.0,0.0
257,47.0,17.0,0.9927564321195085,676.0,0.0
258,23.0,20.0,0.9718874886997335,677.0,0.0
259,27.0,8.0,0.963475092941779,678.0,0.0
260,62.0,22.0,0.9880344526796715,681.0,0.0
261,8.0,18.0,0.9821396267172823,682.0,0.0
262,65.0,9.0,0.9938526980042353,683.0,0.0
263,37.0,0.0,0.9944377757978219,684.0,0.0
264,94.0,2.0,0.9884250003294929,688.0,0.0
265,65.0,1.0,0.9833495284057084,691.0,0.0
266,14.0,15.0,1.0,721.0,0.0
267,47.0,19.0,0.9855572964759242,741.0,0.0
268,9.0,18.0,0.9837841093730276,742.0,0.0
269,48.0,19.0,0.9951878751877764,743.0,0.0
270,67.0,22.0,0.9833627359327692,744.0,0.0
271,40.0,7.0,0.9888383174812913,747.0,0.0
272,49.0,19.0,0.989227625839202,752.0,0.0
273,50.0,19.0,0.9887385317928101,753.0,0.0
274,33.0,14.0,0.9731978468618079,754.0,0.0
275,68.0,22.0,0.9882958359714817,755.0,0.0
276,51.0,19.0,0.9808172246200755,756.0,0.0
277,41.0,7.0,0.9905365622194037,757.0,0.0
278,29.0,8.0,0.9933371920097133,758.0,0.0
279,28.0,20.0,0.9984009261226836,762.0,0.0
280,29.0,20.0,0.97365101429801,764.0,0.0
281,30.0,20.0,0.9584941801250613,789.0,0.0
282,31.0,20.0,0.9604141106174904,795.0,0.0
283,57.0,17.0,0.9773472865081144,806.0,0.0
284,12.0,18.0,0.9903845665360053,809.0,0.0
285,97.0,2.0,0.9931582225448142,812.0,0.0
286,21.0,15.0,1.0,813.0,0.0
287,45.0,10.0,0.9966809375921754,814.0,0.0
288,46.0,10.0,0.9897605138350584,815.0,0.0
289,22.0,15.0,0.9675965925634723,816.0,0.0
290,43.0,21.0,0.983406366779557,817.0,0.0
291,58.0,17.0,0.9719374132227585,818.0,0.0
292,34.0,8.0,0.9921118727114898,819.0,0.0
293,13.0,18.0,0.9808752743455327,820.0,0.0
294,38.0,20.0,0.9762558758431273,821.0,0.0
295,46.0,7.0,0.9827084852233119,823.0,0.0
296,37.0,14.0,1.0,824.0,0.0
297,38.0,14.0,1.0,825.0,0.0
298,14.0,18.0,0.9861160634457706,826.0,0.0
299,47.0,10.0,0.9893396199799465,828.0,0.0
300,44.0,21.0,0.9841859649374738,833.0,0.0
301,47.0,7.0,0.968290187222585,834.0,0.0
302,69.0,22.0,0.9615573899894827,835.0,0.0
303,70.0,22.0,0.9693680594151546,848.0,0.0
304,4.0,13.0,1.0,849.0,0.0
305,53.0,7.0,0.9739576272075561,865.0,0.0
306,47.0,21.0,0.9855465485834402,867.0,0.0
307,15.0,16.0,0.9782581569671512,869.0,0.0
308,45.0,20.0,0.9778474688027006,882.0,0.0
309,100.0,2.0,0.9963030816739143,883.0,0.0
310,49.0,21.0,0.9891931912941937,884.0,0.0
311,56.0,19.0,0.9803998599626436,885.0,0.0
312,39.0,8.0,0.9798409530188303,887.0,0.0
313,78.0,1.0,0.9693747790180601,890.0,0.0
314,46.0,20.0,0.9587160633519703,896.0,0.0
315,63.0,17.0,0.958985191597922,899.0,0.0
316,80.0,1.0,0.97847591564523,907.0,0.0
317,55.0,7.0,0.9534315157244451,910.0,0.0
318,16.0,16.0,1.0,912.0,0.0
319,50.0,21.0,0.9876174629328113,935.0,0.0
320,60.0,19.0,0.9852933794394394,943.0,0.0
321,51.0,21.0,0.9932212293835623,944.0,0.0
322,31.0,6.0,0.9880233324734363,949.0,0.0
323,60.0,10.0,0.9946119047017161,950.0,0.0
324,22.0,18.0,0.9508876753033546,951.0,0.0
325,43.0,8.0,0.9534494651592356,952.0,0.0
326,52.0,21.0,0.9609091915749085,953.0,0.0
327,61.0,19.0,0.9703760078560424,954.0,0.0
328,64.0,17.0,0.9899616236152707,955.0,0.0
329,49.0,20.0,0.9590452100933398,960.0,0.0
330,45.0,8.0,1.0,973.0,0.0
331,45.0,14.0,1.0,978.0,0.0
332,26.0,15.0,0.9814483034126745,1000.0,0.0
333,87.0,1.0,0.9832998851333611,1003.0,0.0
334,68.0,19.0,0.9647890357138594,1005.0,0.0
335,38.0,6.0,0.9723645505754943,1007.0,0.0
336,69.0,19.0,0.9921042097894597,1008.0,0.0
337,59.0,21.0,0.9906679789477675,1010.0,0.0
338,74.0,9.0,1.0,1011.0,0.0
339,70.0,19.0,0.983482137079443,1012.0,0.0
340,66.0,17.0,0.9765720659680904,1014.0,0.0
341,47.0,8.0,0.9933209488864996,1016.0,0.0
342,27.0,18.0,0.9595439266220046,1035.0,0.0
343,24.0,21.0,0.977686869989745,526.0,0.0
344,27.0,15.0,1.0,1045.0,0.0
345,54.0,1.0,0.984291339693894,535.0,0.0
346,29.0,18.0,0.963699175914284,1048.0,0.0
347,30.0,10.0,0.9530999680144079,545.0,0.0
348,31.0,10.0,1.0,546.0,0.0
349,30.0,7.0,1.0,550.0,0.0
350,31.0,15.0,1.0,1063.0,0.0
351,29.0,21.0,0.9648109045570135,554.0,0.0
352,19.0,8.0,1.0,559.0,0.0
353,22.0,14.0,1.0,572.0,0.0
354,9.0,16.0,1.0,582.0,0.0
355,14.0,20.0,0.9517365639856855,583.0,0.0
356,87.0,2.0,0.9780473207286331,586.0,0.0
357,68.0,10.0,0.9631854347860949,1099.0,0.0
358,4.0,1.0,0.9564126897505432,86.0,0.0
359,3.0,3.0,1.0,1118.0,0.0
360,30.0,21.0,0.9543394579701857,609.0,0.0
361,31.0,21.0,0.9759159927538228,610.0,0.0
362,17.0,20.0,1.0,612.0,0.0
363,36.0,7.0,1.0,623.0,0.0
364,15.0,6.0,1.0,627.0,0.0
365,57.0,8.0,0.9601401419423765,1140.0,0.0
366,20.0,20.0,1.0,629.0,0.0
367,16.0,6.0,1.0,630.0,0.0
368,58.0,22.0,0.996907137219695,632.0,0.0
369,13.0,22.0,0.9833708488309213,121.0,0.0
370,25.0,14.0,1.0,634.0,0.0
371,42.0,17.0,1.0,639.0,0.0
372,93.0,1.0,0.9809262615174277,1153.0,0.0
373,25.0,16.0,1.0,1154.0,0.0
374,50.0,18.0,0.9594341039894719,1157.0,0.0
375,38.0,7.0,1.0,651.0,0.0
376,14.0,6.0,1.0,654.0,0.0
377,77.0,17.0,0.964304635090785,1180.0,0.0
378,29.0,14.0,1.0,670.0,0.0
379,35.0,2.0,0.9661702234255624,168.0,0.0
380,64.0,1.0,0.9877286536604406,685.0,0.0
381,60.0,6.0,1.0,1199.0,0.0
382,37.0,15.0,1.0,1202.0,0.0
383,66.0,1.0,0.9765720979862101,692.0,0.0
384,67.0,1.0,0.9957860941309633,698.0,0.0
385,20.0,6.0,1.0,699.0,0.0
386,68.0,8.0,1.0,1210.0,0.0
387,40.0,21.0,0.9525434850681069,702.0,0.0
388,65.0,18.0,0.9728414640286911,1220.0,0.0
389,36.0,19.0,0.9551839284526701,719.0,0.0
390,7.0,7.0,1.0,218.0,0.0
391,28.0,8.0,1.0,734.0,0.0
392,26.0,20.0,0.9634417649137063,736.0,0.0
393,8.0,7.0,1.0,243.0,0.0
394,3.0,15.0,1.0,244.0,0.0
395,48.0,2.0,0.9834540566735827,245.0,0.0
396,25.0,22.0,0.9698870451806074,248.0,0.0
397,52.0,2.0,1.0,256.0,0.0
398,33.0,20.0,1.0,768.0,0.0
399,5.0,20.0,0.9722384288619311,258.0,0.0
400,10.0,18.0,0.9576832811232986,772.0,0.0
401,26.0,22.0,0.9871852770720208,263.0,0.0
402,52.0,19.0,0.9574830403422191,780.0,0.0
403,2.0,3.0,1.0,785.0,0.0
404,7.0,20.0,1.0,277.0,0.0
405,18.0,15.0,1.0,790.0,0.0
406,33.0,1.0,0.962230369140713,280.0,0.0
407,31.0,8.0,1.0,799.0,0.0
408,4.0,15.0,1.0,288.0,0.0
409,13.0,10.0,1.0,290.0,0.0
410,42.0,10.0,0.9719709624309083,802.0,0.0
411,13.0,16.0,0.9529207701644103,810.0,0.0
412,11.0,17.0,0.9682015816352482,299.0,0.0
413,39.0,20.0,0.9681937909826694,829.0,0.0
414,11.0,19.0,0.9752254970878672,318.0,0.0
415,53.0,19.0,0.9722230659982248,831.0,0.0
416,12.0,19.0,0.9700572829283176,324.0,0.0
417,14.0,16.0,1.0,838.0,0.0
418,36.0,8.0,1.0,840.0,0.0
419,40.0,20.0,1.0,846.0,0.0
420,13.0,17.0,0.9592360519545239,339.0,0.0
421,5.0,18.0,0.9842298907468781,343.0,0.0
422,11.0,14.0,1.0,345.0,0.0
423,36.0,22.0,0.9728058612356986,348.0,0.0
424,68.0,2.0,0.985038301586868,353.0,0.0
425,25.0,6.0,1.0,879.0,0.0
426,17.0,17.0,0.9687333413209043,379.0,0.0
427,26.0,6.0,1.0,892.0,0.0
428,41.0,22.0,0.9880951953910492,381.0,0.0
429,37.0,9.0,1.0,385.0,0.0
430,21.0,10.0,0.9669267984689437,390.0,0.0
431,12.0,14.0,1.0,396.0,0.0
432,18.0,7.0,1.0,398.0,0.0
433,17.0,16.0,1.0,911.0,0.0
434,19.0,17.0,0.9726410864450421,407.0,0.0
435,54.0,10.0,1.0,927.0,0.0
436,16.0,18.0,0.9703634570433969,929.0,0.0
437,6.0,16.0,1.0,420.0,0.0
438,21.0,18.0,0.9751885175554341,942.0,0.0
439,15.0,21.0,0.9504444898900166,431.0,0.0
440,25.0,15.0,1.0,947.0,0.0
441,42.0,8.0,0.9663154444499664,948.0,0.0
442,12.0,8.0,1.0,439.0,0.0
443,21.0,7.0,1.0,444.0,0.0
444,62.0,19.0,0.9884445996145,956.0,0.0
445,63.0,19.0,0.9950806443256741,959.0,0.0
446,44.0,9.0,1.0,455.0,0.0
447,36.0,6.0,1.0,967.0,0.0
448,64.0,10.0,0.9608734933727977,974.0,0.0
449,28.0,17.0,0.9564512662499277,473.0,0.0
450,19.0,21.0,0.9863390438331361,474.0,0.0
451,20.0,16.0,1.0,995.0,0.0
452,44.0,14.0,1.0,997.0,0.0
453,50.0,9.0,1.0,488.0,0.0
454,51.0,9.0,1.0,489.0,0.0
455,5.0,4.0,1.0,494.0,0.0
456,16.0,8.0,1.0,495.0,0.0
457,49.0,9.0,1.0,499.0,0.0
458,89.0,1.0,0.9516499493914458,1019.0,0.0
459,75.0,9.0,1.0,1020.0,0.0
460,51.0,1.0,0.9791690239903149,516.0,0.0
461,52.0,22.0,0.9673237133754706,518.0,0.0
462,83.0,2.0,0.977358450698676,531.0,0.0
463,28.0,15.0,0.9626436249449285,1043.0,0.0
464,39.0,6.0,1.0,1049.0,0.0
465,28.0,21.0,0.9759092774722586,548.0,0.0
466,42.0,6.0,1.0,1077.0,0.0
467,20.0,14.0,1.0,569.0,0.0
468,57.0,20.0,1.0,1084.0,0.0
469,38.0,17.0,1.0,573.0,0.0
470,55.0,8.0,1.0,1088.0,0.0
471,21.0,14.0,1.0,577.0,0.0
472,32.0,15.0,1.0,1096.0,0.0
473,24.0,19.0,1.0,585.0,0.0
474,1.0,2.0,0.9779054647382251,79.0,0.0
475,4.0,2.0,0.9834807788788605,85.0,0.0
476,43.0,18.0,1.0,1113.0,0.0
477,10.0,22.0,0.9652829418275916,92.0,0.0
478,59.0,22.0,1.0,633.0,0.0
479,61.0,9.0,1.0,636.0,0.0
480,10.0,1.0,0.9770987385039277,125.0,0.0
481,21.0,2.0,0.959900323359328,126.0,0.0
482,21.0,20.0,1.0,642.0,0.0
483,23.0,8.0,1.0,643.0,0.0
484,32.0,19.0,0.9544913424742638,647.0,0.0
485,60.0,8.0,1.0,1159.0,0.0
486,37.0,7.0,1.0,652.0,0.0
487,4.0,7.0,1.0,143.0,0.0
488,13.0,6.0,1.0,655.0,0.0
489,53.0,18.0,0.9591051652654163,1183.0,0.0
490,92.0,2.0,0.9753380525671678,672.0,0.0
491,7.0,10.0,1.0,161.0,0.0
492,8.0,9.0,1.0,162.0,0.0
493,14.0,1.0,0.9714739054603002,163.0,0.0
494,15.0,22.0,0.9876717492428596,164.0,0.0
495,55.0,18.0,1.0,1184.0,0.0
496,65.0,22.0,0.9870658425086363,689.0,0.0
497,29.0,16.0,1.0,1205.0,0.0
498,58.0,18.0,1.0,1207.0,0.0
499,5.0,17.0,1.0,184.0,0.0
500,6.0,7.0,1.0,188.0,0.0
501,11.0,16.0,1.0,707.0,0.0
502,21.0,6.0,1.0,712.0,0.0
503,62.0,18.0,1.0,1228.0,0.0
504,37.0,19.0,0.9627448057015096,720.0,0.0
505,15.0,15.0,1.0,722.0,0.0
506,15.0,9.0,1.0,212.0,0.0
507,40.0,10.0,0.9668637120667314,725.0,0.0
508,9.0,21.0,0.9939041759668518,214.0,0.0
509,67.0,6.0,1.0,1237.0,0.0
510,31.0,14.0,1.0,728.0,0.0
511,30.0,14.0,1.0,731.0,0.0
512,7.0,14.0,1.0,220.0,0.0
513,22.0,22.0,0.9678109108999651,225.0,0.0
514,46.0,2.0,0.9603805388112784,237.0,0.0
515,7.0,19.0,0.9528997494366936,251.0,0.0
516,42.0,21.0,1.0,763.0,0.0
517,71.0,1.0,0.9782906195192808,769.0,0.0
518,53.0,17.0,1.0,773.0,0.0
519,68.0,9.0,1.0,777.0,0.0
520,32.0,1.0,0.9654408416196387,266.0,0.0
521,22.0,6.0,1.0,783.0,0.0
522,20.0,15.0,1.0,784.0,0.0
523,10.0,17.0,0.9514579718738286,273.0,0.0
524,29.0,22.0,0.9762632083985845,275.0,0.0
525,13.0,7.0,1.0,278.0,0.0
526,43.0,7.0,1.0,793.0,0.0
527,32.0,20.0,1.0,796.0,0.0
528,9.0,17.0,0.9693156903989597,285.0,0.0
529,34.0,20.0,1.0,805.0,0.0
530,64.0,2.0,0.9583863593885187,311.0,0.0
531,66.0,2.0,0.9503922625187691,319.0,0.0
532,7.0,8.0,1.0,323.0,0.0
533,15.0,10.0,0.9813264478481417,325.0,0.0
534,17.0,10.0,1.0,330.0,0.0
535,41.0,20.0,1.0,844.0,0.0
536,9.0,20.0,1.0,334.0,0.0
537,16.0,10.0,1.0,335.0,0.0
538,6.0,4.0,1.0,847.0,0.0
539,29.0,9.0,1.0,338.0,0.0
540,10.0,14.0,1.0,340.0,0.0
541,35.0,8.0,1.0,854.0,0.0
542,42.0,20.0,1.0,855.0,0.0
543,4.0,5.0,1.0,859.0,0.0
544,52.0,10.0,0.9721509381899235,860.0,0.0
545,48.0,21.0,0.9659012124734339,864.0,0.0
546,59.0,17.0,0.9633318639939658,871.0,0.0
547,38.0,1.0,0.9734150042974402,360.0,0.0
548,54.0,19.0,1.0,873.0,0.0
549,18.0,17.0,1.0,372.0,0.0
550,23.0,10.0,0.957687766713756,374.0,0.0
551,5.0,16.0,1.0,375.0,0.0
552,17.0,7.0,1.0,392.0,0.0
553,70.0,9.0,1.0,917.0,0.0
554,18.0,18.0,1.0,931.0,0.0
555,58.0,19.0,0.9519266225328121,933.0,0.0
556,11.0,8.0,1.0,442.0,0.0
557,25.0,18.0,1.0,972.0,0.0
558,18.0,21.0,0.9523134502307276,469.0,0.0
559,55.0,21.0,0.9673638614211489,983.0,0.0
560,10.0,15.0,1.0,485.0,0.0
561,9.0,15.0,1.0,486.0,0.0
562,15.0,8.0,1.0,490.0,0.0
563,20.0,21.0,0.9515461286471654,498.0,0.0
564,30.0,17.0,1.0,503.0,0.0
565,21.0,19.0,0.9521584992304587,508.0,0.0
566,21.0,16.0,1.0,1023.0,0.0
567,41.0,17.0,1.0,640.0,0.0
568,26.0,16.0,1.0,1156.0,0.0
569,40.0,8.0,1.0,904.0,0.0
570,28.0,18.0,1.0,1033.0,0.0
571,11.0,18.0,0.9537137082507454,779.0,0.0
572,82.0,1.0,0.9523503647309103,908.0,0.0
573,60.0,9.0,1.0,653.0,0.0
574,72.0,1.0,0.9557206528073721,781.0,0.0
575,29.0,15.0,1.0,1040.0,0.0
576,6.0,21.0,0.9720454462880248,144.0,0.0
577,54.0,6.0,0.9541637294923546,1172.0,0.0
578,29.0,2.0,0.9875723483821631,149.0,0.0
579,69.0,21.0,0.9883237091376504,1175.0,0.0
580,17.0,22.0,0.9617626164422524,159.0,0.0
581,53.0,10.0,0.9697692970553777,928.0,0.0
582,36.0,14.0,0.9661156343623942,803.0,0.0
583,59.0,19.0,0.955233831845889,932.0,0.0
584,28.0,7.0,1.0,549.0,0.0
585,16.0,22.0,0.971512964452501,165.0,0.0
586,34.0,2.0,0.9798329913361205,167.0,0.0
587,17.0,18.0,0.9733550202382937,934.0,0.0
588,37.0,17.0,0.95025708268824,564.0,0.0
589,27.0,19.0,0.9603109320594404,565.0,0.0
590,37.0,18.0,1.0,1076.0,0.0
591,10.0,9.0,0.9628161873058761,180.0,0.0
592,48.0,17.0,1.0,696.0,0.0
593,59.0,20.0,0.9520223391328054,1081.0,0.0
594,57.0,1.0,0.9719997499279852,570.0,0.0
595,16.0,21.0,0.9723798048128978,440.0,0.0
596,22.0,7.0,0.956772062054751,441.0,0.0
597,26.0,10.0,1.0,443.0,0.0
598,66.0,9.0,1.0,705.0,0.0
599,13.0,19.0,0.9621159560640615,321.0,0.0
600,52.0,8.0,1.0,1093.0,0.0
601,37.0,6.0,0.9797423285339484,966.0,0.0
602,67.0,2.0,0.980525886466845,328.0,0.0
603,38.0,19.0,1.0,713.0,0.0
604,41.0,14.0,1.0,842.0,0.0
605,12.0,21.0,0.9678227242725891,331.0,0.0
606,43.0,20.0,0.9733338215123147,845.0,0.0
607,63.0,6.0,0.9798833676568789,1231.0,0.0
608,35.0,22.0,0.9621389354021239,336.0,0.0
609,33.0,22.0,0.9690319688499174,346.0,0.0
610,89.0,2.0,1.0,603.0,0.0
611,33.0,15.0,1.0,1117.0,0.0
612,52.0,7.0,0.9512677323686399,862.0,0.0
613,94.0,1.0,0.9635600252410158,1247.0,0.0
614,52.0,20.0,0.9614690125598074,992.0,0.0
615,69.0,10.0,1.0,1124.0,0.0
616,27.0,14.0,1.0,619.0,0.0
617,17.0,8.0,0.9783271519634467,492.0,0.0
618,10.0,6.0,0.9526473708892618,519.0,0.0
619,55.0,9.0,0.9899693229921562,520.0,0.0
620,84.0,2.0,1.0,537.0,0.0
621,27.0,7.0,0.9770848943197868,540.0,0.0
622,35.0,18.0,0.9913785639323571,1067.0,0.0
623,60.0,20.0,0.9722803676698676,1082.0,0.0
624,74.0,17.0,0.970015046456584,1089.0,0.0
625,25.0,19.0,0.981876229948031,578.0,0.0
626,31.0,0.0,0.9976519313451515,601.0,0.0
627,5.0,1.0,0.9859829472618239,90.0,0.0
628,65.0,20.0,0.9622866642876873,1119.0,0.0
629,6.0,1.0,0.9926693658735221,95.0,0.0
630,60.0,1.0,0.9901665848213292,613.0,0.0
631,64.0,21.0,0.967056626426711,1126.0,0.0
632,33.0,0.0,0.9949581725512645,614.0,0.0
633,50.0,6.0,0.9628193645323525,1130.0,0.0
634,35.0,7.0,0.9758923605393235,622.0,0.0
635,46.0,18.0,0.990043378152416,1138.0,0.0
636,75.0,19.0,0.9701533247183499,1142.0,0.0
637,23.0,2.0,0.9878389239772348,128.0,0.0
638,11.0,1.0,0.9905519550437191,129.0,0.0
639,24.0,8.0,0.9537247629504937,645.0,0.0
640,5.0,19.0,0.9758025324063795,137.0,0.0
641,5.0,21.0,0.9595558779256552,138.0,0.0
642,33.0,21.0,0.989194195278653,650.0,0.0
643,52.0,18.0,0.982266504695094,1163.0,0.0
644,6.0,0.0,0.9872603718372417,147.0,0.0
645,30.0,2.0,0.9874946995584158,150.0,0.0
646,6.0,9.0,0.9835279685078564,156.0,0.0
647,8.0,10.0,0.9659675571280326,160.0,0.0
648,61.0,22.0,0.9617143866970269,674.0,0.0
649,26.0,8.0,0.952852288297473,675.0,0.0
650,93.0,2.0,0.9960373810784585,679.0,0.0
651,18.0,22.0,0.9613378791740861,170.0,0.0
652,37.0,21.0,0.9700485114312717,686.0,0.0
653,79.0,22.0,1.0,1200.0,0.0
654,50.0,17.0,0.9838794418187925,694.0,0.0
655,23.0,1.0,0.9893123138987028,194.0,0.0
656,24.0,1.0,0.9787385758360992,195.0,0.0
657,41.0,2.0,0.9952234424117749,200.0,0.0
658,11.0,9.0,0.9949149078123115,201.0,0.0
659,25.0,1.0,0.9930509664397605,203.0,0.0
660,10.0,0.0,0.993684836332215,206.0,0.0
661,69.0,7.0,0.965802829849929,1239.0,0.0
662,6.0,17.0,0.9948138750805526,219.0,0.0
663,11.0,0.0,0.9953537271174272,222.0,0.0
664,10.0,21.0,0.9915082772278351,224.0,0.0
665,10.0,10.0,0.9509110347599069,228.0,0.0
666,39.0,0.0,0.9862471891625284,746.0,0.0
667,8.0,17.0,0.9807184612781922,240.0,0.0
668,9.0,7.0,0.9728074625323612,242.0,0.0
669,41.0,10.0,0.9589527817849325,760.0,0.0
670,67.0,9.0,0.9925353151688804,765.0,0.0
671,51.0,2.0,0.9875371227377862,255.0,0.0
672,54.0,2.0,0.9944963454022753,262.0,0.0
673,4.0,18.0,0.9932022701283479,267.0,0.0
674,4.0,6.0,0.9771711926959934,272.0,0.0
675,36.0,20.0,0.9668795534678902,787.0,0.0
676,37.0,20.0,0.9558948998934845,788.0,0.0
677,45.0,7.0,0.9748739062283656,791.0,0.0
678,11.0,10.0,0.973842447359683,287.0,0.0
679,25.0,9.0,0.9846536115574547,296.0,0.0
680,10.0,19.0,0.9895540255706285,301.0,0.0
681,13.0,0.0,0.9859553571233353,304.0,0.0
682,35.0,1.0,0.998512053509936,305.0,0.0
683,12.0,17.0,0.9932220915185349,309.0,0.0
684,26.0,9.0,0.9906658394158124,310.0,0.0
685,8.0,8.0,0.9522712187429001,342.0,0.0
686,37.0,1.0,0.9930920535940952,349.0,0.0
687,14.0,17.0,0.9903270003048055,352.0,0.0
688,32.0,9.0,0.9888812227627105,361.0,0.0
689,15.0,18.0,0.9911340008441007,874.0,0.0
690,61.0,17.0,0.998018987164139,881.0,0.0
691,9.0,8.0,0.9598224414232776,388.0,0.0
692,20.0,17.0,0.957793571377244,411.0,0.0
693,73.0,2.0,0.9888161070582763,414.0,0.0
694,40.0,9.0,0.9908645084392348,417.0,0.0
695,20.0,18.0,0.9895476777826604,940.0,0.0
696,23.0,18.0,0.9815965785883864,961.0,0.0
697,24.0,18.0,0.9890995386817208,962.0,0.0
698,23.0,0.0,0.9834753799422385,463.0,0.0
699,17.0,21.0,0.9543621078098522,464.0,0.0
700,19.0,19.0,0.962538272656124,472.0,0.0
701,50.0,22.0,0.9738169200276304,479.0,0.0
702,9.0,6.0,0.9581307309213791,482.0,0.0
703,28.0,10.0,0.9862717009137274,483.0,0.0
704,67.0,19.0,0.9879605425098184,1004.0,0.0
705,26.0,18.0,0.9945227530548163,1006.0,0.0
706,51.0,0.0,0.991847270832032,1013.0,0.0
707,51.0,22.0,0.9646670200674812,502.0,0.0
708,20.0,19.0,0.9917273192599472,505.0,0.0
709,5.0,9.0,0.983762811469948,134.0,0.0
710,22.0,9.0,0.9809915972323584,265.0,0.0
711,5.0,0.0,0.9979894283450431,139.0,0.0
712,28.0,2.0,0.9915953482554921,148.0,0.0
713,31.0,2.0,0.9894825517163068,151.0,0.0
714,55.0,1.0,0.9910235170650146,536.0,0.0
715,8.0,0.0,0.978344598345089,171.0,0.0
716,29.0,0.0,0.9938063610858682,557.0,0.0
717,38.0,0.0,0.9926852835362654,687.0,0.0
718,18.0,1.0,0.9948066316044041,176.0,0.0
719,18.0,0.0,0.9954729905934662,432.0,0.0
720,27.0,9.0,0.9664192115734989,312.0,0.0
721,28.0,9.0,0.9915146608248334,315.0,0.0
722,92.0,1.0,0.988727301920325,1102.0,0.0
723,47.0,1.0,0.98669782016238,470.0,0.0
724,5.0,2.0,0.9809507245502471,87.0,0.0
725,6.0,2.0,0.9907837741248717,88.0,0.0
726,9.0,2.0,0.984353347449756,97.0,0.0
727,12.0,0.0,0.984113815439065,232.0,0.0
728,13.0,2.0,0.9980021429443666,105.0,0.0
729,28.0,1.0,0.9879271388845817,233.0,0.0
730,63.0,0.0,0.9894020102679177,1259.0,0.0
731,8.0,1.0,0.9980190099538062,109.0,0.0
732,39.0,1.0,0.9853800238739503,367.0,0.0
733,17.0,2.0,0.990253733444571,114.0,0.0
734,30.0,1.0,0.9919576221627867,252.0,0.0
735,50.0,2.0,0.9921473119936487,254.0,0.0
736,31.0,1.0,0.9895364324446919,259.0,0.0
737,25.0,0.0,0.9776384187422732,522.0,0.0
738,55.0,2.0,0.9803662000355045,269.0,0.0
739,91.0,2.0,0.9768320945997235,657.0,0.0
740,35.0,0.0,0.9635069099424629,667.0,0.0
741,36.0,2.0,0.9667547042875085,172.0,0.0
742,21.0,1.0,0.9560708118893481,179.0,0.0
743,91.0,1.0,0.9889420558716414,1101.0,0.0
744,2.0,2.0,0.9659720380563886,80.0,0.0
745,59.0,0.0,0.9695297857233611,1143.0,0.0
746,59.0,1.0,0.975095613166959,605.0,0.0
747,8.0,2.0,0.9870993010560175,94.0,0.0
748,43.0,2.0,0.9866484630622568,223.0,0.0
749,7.0,1.0,0.9537091706521414,100.0,0.0
750,96.0,1.0,0.9894793719402498,1258.0,0.0
751,99.0,2.0,0.997382107369794,880.0,0.0
752,58.0,0.0,0.9858214230788367,1137.0,0.0
753,88.0,1.0,0.9766868054090299,1015.0,0.0
754,101.0,2.0,0.9894647119060602,888.0,0.0
755,10.0,2.0,0.9765596897128682,98.0,0.0
756,76.0,1.0,0.9694913473312143,868.0,0.0
757,12.0,2.0,1.0,103.0,0.0
758,73.0,1.0,0.9682207278476203,778.0,0.0
759,83.0,1.0,0.9734187749454668,939.0,0.0
760,81.0,1.0,0.9561737975812377,906.0,0.0
761,62.0,2.0,0.9531462492439644,307.0,0.0
762,78.0,2.0,0.9803140685157904,467.0,0.0
763,19.0,2.0,0.957769270632939,119.0,0.0
764,103.0,2.0,1.0,1211.0,0.0
765,49.0,2.0,0.9940802603366492,253.0,0.0
766,76.0,22.0,0.9695835004081286,1027.0,0.0
767,54.0,20.0,0.9800562260192947,1030.0,0.0
768,50.0,8.0,0.9571096858114865,1032.0,0.0
769,52.0,0.0,0.9802350134545159,1050.0,0.0
770,56.0,9.0,0.9815339360931146,539.0,0.0
771,53.0,0.0,0.9875317379386898,1056.0,0.0
772,26.0,21.0,0.9541133135810731,547.0,0.0
773,67.0,10.0,0.9621446661861146,1083.0,0.0
774,53.0,8.0,0.9599081647491773,1085.0,0.0
775,48.0,14.0,1.0,1087.0,0.0
776,72.0,17.0,0.961156565610702,1090.0,0.0
777,53.0,22.0,0.982800257522072,580.0,0.0
778,74.0,19.0,0.9553274325349459,1095.0,0.0
779,58.0,1.0,0.9935133461780058,589.0,0.0
780,56.0,0.0,0.9872665769387282,1110.0,0.0
781,76.0,17.0,0.9889862276667484,1115.0,0.0
782,44.0,18.0,0.9522542143975865,1125.0,0.0
783,66.0,7.0,0.9572533598381987,1133.0,0.0
784,56.0,8.0,1.0,1134.0,0.0
785,15.0,2.0,0.9875879965231681,111.0,0.0
786,48.0,18.0,0.9586326941189157,1145.0,0.0
787,52.0,6.0,0.977251487101757,1148.0,0.0
788,40.0,17.0,0.9756276674456921,637.0,0.0
789,58.0,8.0,0.9500726196318559,1158.0,0.0
790,37.0,10.0,0.9549877003741848,648.0,0.0
791,55.0,22.0,0.9584733115399269,656.0,0.0
792,68.0,7.0,0.965060332911732,1168.0,0.0
793,56.0,6.0,0.9675591839597867,1169.0,0.0
794,64.0,9.0,0.9978343490602848,666.0,0.0
795,72.0,10.0,0.9711836922923437,1187.0,0.0
796,76.0,9.0,0.9542146338610022,1192.0,0.0
797,66.0,22.0,0.9588269652297612,690.0,0.0
798,66.0,8.0,0.9590795715114067,1203.0,0.0
799,73.0,21.0,0.9663024988517518,1204.0,0.0
800,39.0,21.0,0.9595150067575754,701.0,0.0
801,72.0,20.0,0.9633544172185394,1219.0,0.0
802,33.0,19.0,0.9583390465367863,711.0,0.0
803,80.0,22.0,0.9905994374888502,1223.0,0.0
804,64.0,6.0,0.9845940638355148,1224.0,0.0
805,39.0,19.0,0.9510318328377044,714.0,0.0
806,26.0,1.0,0.9826876894735741,205.0,0.0
807,66.0,6.0,0.9606239833192868,1236.0,0.0
808,75.0,21.0,0.9717091433959634,1250.0,0.0
809,77.0,19.0,0.9549927297830332,1253.0,0.0
810,104.0,2.0,0.9921377629690252,1255.0,0.0
811,70.0,6.0,0.9719304653740084,1257.0,0.0
812,69.0,1.0,0.9845156292824956,748.0,0.0
813,76.0,18.0,0.97968586593933,1264.0,0.0
814,77.0,18.0,0.9880936938190772,1265.0,0.0
815,64.0,0.0,0.9805519814503338,1266.0,0.0
816,79.0,18.0,0.9644745317481636,1268.0,0.0
817,97.0,1.0,0.9760070132193168,1269.0,0.0
818,95.0,2.0,0.9897017426718492,759.0,0.0
819,96.0,2.0,0.9862322317836288,761.0,0.0
820,55.0,17.0,0.9755887225938565,770.0,0.0
821,54.0,17.0,0.9895892995021213,771.0,0.0
822,12.0,7.0,0.9569457537970358,279.0,0.0
823,57.0,2.0,0.9911338201124938,294.0,0.0
824,58.0,2.0,0.9834924675730443,295.0,0.0
825,69.0,9.0,0.9930999495774888,811.0,0.0
826,44.0,0.0,0.9518083064735723,827.0,0.0
827,75.0,1.0,0.9868040062916333,836.0,0.0
828,44.0,20.0,0.9586111369214222,850.0,0.0
829,51.0,10.0,1.0,853.0,0.0
830,15.0,7.0,1.0,344.0,0.0
831,77.0,1.0,0.9726255952151986,889.0,0.0
832,15.0,19.0,0.9558952156537862,383.0,0.0
833,79.0,1.0,0.9887501230160031,895.0,0.0
834,11.0,20.0,0.9509442985223087,389.0,0.0
835,54.0,7.0,0.97202411632411,903.0,0.0
836,58.0,10.0,0.9581161095530624,914.0,0.0
837,75.0,2.0,0.9841244965526834,423.0,0.0
838,48.0,20.0,0.9605782794122782,937.0,0.0
839,71.0,9.0,0.9889692393078297,938.0,0.0
840,53.0,21.0,0.9520835244145167,980.0,0.0
841,64.0,19.0,0.9830306343688294,981.0,0.0
842,46.0,14.0,1.0,1002.0,0.0
843,50.0,0.0,0.9838790962266654,1009.0,0.0
844,41.0,6.0,0.9545475969313633,1028.0,0.0
845,60.0,21.0,1.0,1034.0,0.0
846,81.0,2.0,0.9896459098370294,527.0,0.0
847,82.0,2.0,0.9905660490769097,528.0,0.0
848,48.0,8.0,1.0,1041.0,0.0
849,67.0,17.0,0.9956754837063332,1044.0,0.0
850,86.0,2.0,0.9881079909037174,542.0,0.0
851,55.0,0.0,0.9883667431654665,1062.0,0.0
852,27.0,21.0,0.9568758262088984,553.0,0.0
853,36.0,18.0,0.9520619227058071,1071.0,0.0
854,21.0,8.0,1.0,562.0,0.0
855,29.0,19.0,0.9725959395687521,563.0,0.0
856,61.0,20.0,0.9613155061289034,1075.0,0.0
857,26.0,19.0,0.9683381292584406,566.0,0.0
858,58.0,20.0,0.9570553334794725,1080.0,0.0
859,73.0,17.0,0.9857800730861283,1091.0,0.0
860,54.0,22.0,0.9706692204472731,581.0,0.0
861,73.0,19.0,0.9755134264046693,1094.0,0.0
862,13.0,20.0,0.9609190733116035,584.0,0.0
863,57.0,9.0,0.9926801177914387,588.0,0.0
864,57.0,0.0,0.9555683795006722,1112.0,0.0
865,50.0,14.0,1.0,1121.0,0.0
866,70.0,10.0,0.9601397508173544,1123.0,0.0
867,59.0,9.0,0.9872130604995075,615.0,0.0
868,66.0,21.0,0.9703802174506401,1128.0,0.0
869,49.0,6.0,0.9692470449037258,1131.0,0.0
870,65.0,21.0,0.9695520949392052,1132.0,0.0
871,67.0,20.0,0.9630426086072544,1135.0,0.0
872,59.0,8.0,1.0,1146.0,0.0
873,51.0,6.0,0.963492696681029,1147.0,0.0
874,67.0,21.0,0.9693517188426284,1149.0,0.0
875,49.0,18.0,0.9611516520924644,1150.0,0.0
876,34.0,15.0,1.0,1155.0,0.0
877,38.0,10.0,0.9747378300346787,644.0,0.0
878,68.0,21.0,1.0,1166.0,0.0
879,32.0,2.0,0.9813375266813685,153.0,0.0
880,61.0,1.0,0.9697641927684685,665.0,0.0
881,79.0,17.0,0.9857167055983739,1179.0,0.0
882,70.0,21.0,0.9565330449262317,1181.0,0.0
883,51.0,17.0,0.9850152853798851,693.0,0.0
884,57.0,18.0,0.9605433206269323,1208.0,0.0
885,52.0,17.0,0.9561084213530792,697.0,0.0
886,56.0,18.0,0.9684644734135659,1212.0,0.0
887,59.0,18.0,0.965403517216977,1213.0,0.0
888,38.0,21.0,0.9671763861119406,704.0,0.0
889,18.0,6.0,0.9571308722701692,706.0,0.0
890,64.0,18.0,0.9562759095407709,1221.0,0.0
891,63.0,18.0,0.9754767376137714,1227.0,0.0
892,34.0,19.0,0.9759699446513093,717.0,0.0
893,35.0,19.0,0.9600214020976512,718.0,0.0
894,73.0,10.0,0.9722957261822206,1229.0,0.0
895,17.0,15.0,1.0,724.0,0.0
896,63.0,22.0,1.0,726.0,0.0
897,32.0,14.0,1.0,727.0,0.0
898,62.0,0.0,0.9659477974076418,1241.0,0.0
899,39.0,10.0,0.973047218977874,730.0,0.0
900,25.0,20.0,0.9586879723125673,732.0,0.0
901,24.0,20.0,0.9574453023198641,733.0,0.0
902,69.0,18.0,0.956488521685512,1246.0,0.0
903,33.0,16.0,1.0,1248.0,0.0
904,13.0,15.0,1.0,737.0,0.0
905,27.0,1.0,0.9829885645213698,226.0,0.0
906,70.0,7.0,0.9795203970566352,1251.0,0.0
907,42.0,19.0,0.9611839755713898,740.0,0.0
908,45.0,2.0,0.9960240418928406,236.0,0.0
909,40.0,0.0,0.956358810384077,750.0,0.0
910,78.0,18.0,0.9630931397341216,1267.0,0.0
911,24.0,22.0,0.9650818463921091,249.0,0.0
912,12.0,16.0,1.0,766.0,0.0
913,19.0,15.0,1.0,775.0,0.0
914,30.0,22.0,0.9728079477556072,274.0,0.0
915,32.0,8.0,1.0,800.0,0.0
916,34.0,14.0,1.0,804.0,0.0
917,42.0,0.0,0.9525090746937902,807.0,0.0
918,61.0,2.0,0.9915444012367386,302.0,0.0
919,43.0,0.0,0.9616048631709354,822.0,0.0
920,98.0,2.0,0.994253718390214,830.0,0.0
921,36.0,1.0,0.9926158801482194,320.0,0.0
922,37.0,8.0,0.9574391585195876,841.0,0.0
923,48.0,10.0,1.0,851.0,0.0
924,14.0,7.0,0.9670770361261021,341.0,0.0
925,39.0,14.0,1.0,856.0,0.0
926,51.0,7.0,0.9692368376722024,861.0,0.0
927,69.0,2.0,0.9912776385904822,357.0,0.0
928,55.0,19.0,0.9745998521815393,870.0,0.0
929,48.0,7.0,0.9569769345655819,875.0,0.0
930,50.0,7.0,0.9635895423167585,876.0,0.0
931,36.0,9.0,0.9615207143952134,369.0,0.0
932,10.0,20.0,0.9559734973086095,376.0,0.0
933,39.0,22.0,0.9572955101276505,377.0,0.0
934,47.0,0.0,0.9538924992382701,893.0,0.0
935,58.0,7.0,0.96319814027168,898.0,0.0
936,71.0,22.0,1.0,901.0,0.0
937,41.0,8.0,0.9605874600380246,902.0,0.0
938,47.0,20.0,0.9743825045990688,905.0,0.0
939,59.0,10.0,0.9632837725348739,913.0,0.0
940,42.0,14.0,1.0,915.0,0.0
941,43.0,14.0,1.0,916.0,0.0
942,28.0,6.0,0.9691308555687467,920.0,0.0
943,56.0,10.0,1.0,921.0,0.0
944,57.0,10.0,0.9613335880466327,922.0,0.0
945,29.0,6.0,0.9883342722806527,923.0,0.0
946,27.0,6.0,0.9704396246925558,925.0,0.0
947,44.0,1.0,0.956835231069572,421.0,0.0
948,45.0,1.0,0.9833198619795341,424.0,0.0
949,46.0,1.0,0.9644433615007131,425.0,0.0
950,84.0,1.0,0.9536678544059263,941.0,0.0
951,72.0,9.0,0.983359336049218,957.0,0.0
952,73.0,9.0,0.9921828575955668,958.0,0.0
953,45.0,9.0,0.9891851709391682,451.0,0.0
954,46.0,9.0,0.98209490831601,452.0,0.0
955,86.0,1.0,0.9922285150154551,963.0,0.0
956,23.0,17.0,0.9749818099722016,454.0,0.0
957,58.0,21.0,0.9734354075457279,964.0,0.0
958,34.0,6.0,0.953045452150882,965.0,0.0
959,46.0,8.0,0.9717738582111943,975.0,0.0
960,44.0,8.0,0.9649529753065557,977.0,0.0
961,73.0,22.0,1.0,982.0,0.0
962,24.0,0.0,0.992851347246998,478.0,0.0
963,29.0,17.0,0.9714279043757382,480.0,0.0
964,60.0,7.0,0.964698086290251,994.0,0.0
965,24.0,7.0,0.9849673239369727,484.0,0.0
966,19.0,16.0,1.0,996.0,0.0
967,65.0,19.0,0.9528247504752482,998.0,0.0
968,65.0,17.0,0.9769787011140537,999.0,0.0
969,11.0,15.0,1.0,493.0,0.0
970,52.0,9.0,0.988937172234608,500.0,0.0
971,49.0,22.0,0.9653297924321168,501.0,0.0
972,68.0,17.0,0.9805794449186556,1018.0,0.0
973,53.0,9.0,0.9792929759636584,509.0,0.0
974,54.0,9.0,0.985299590192208,510.0,0.0
975,80.0,2.0,0.9947832632139945,512.0,0.0
976,30.0,15.0,1.0,1025.0,0.0
977,50.0,1.0,0.9957798433333357,514.0,0.0
978,40.0,6.0,0.9637924248205636,1026.0,0.0
979,30.0,18.0,0.9633351251572053,1029.0,0.0
980,52.0,1.0,0.9820668605334392,523.0,0.0
981,71.0,19.0,0.9815844012492795,1036.0,0.0
982,61.0,21.0,0.9500850166950551,1037.0,0.0
983,62.0,21.0,0.9753136572668478,1038.0,0.0
984,61.0,7.0,0.9751182158612557,1039.0,0.0
985,62.0,7.0,0.9715189567097986,1042.0,0.0
986,49.0,8.0,1.0,1046.0,0.0
987,51.0,8.0,1.0,1047.0,0.0
988,85.0,2.0,0.9896679899152849,541.0,0.0
989,90.0,1.0,0.962904212249801,1053.0,0.0
990,25.0,21.0,1.0,552.0,0.0
991,32.0,10.0,0.9602627339613837,555.0,0.0
992,64.0,7.0,0.9669485327841294,1068.0,0.0
993,27.0,0.0,0.9506133379068463,558.0,0.0
994,20.0,8.0,1.0,560.0,0.0
995,65.0,7.0,0.9620704624803995,1072.0,0.0
996,28.0,19.0,0.9555376152862269,567.0,0.0
997,36.0,17.0,0.9538815845758531,571.0,0.0
998,35.0,17.0,0.9781559903060709,574.0,0.0
999,18.0,14.0,1.0,575.0,0.0
1000,54.0,8.0,1.0,1086.0,0.0
1001,11.0,6.0,0.9609643955416313,579.0,0.0
1002,63.0,21.0,0.9508429629142088,1098.0,0.0
1003,58.0,9.0,0.9855308980327709,600.0,0.0
1004,32.0,0.0,0.9674851788059472,602.0,0.0
1005,45.0,18.0,0.9747355183870419,1114.0,0.0
1006,42.0,18.0,0.9603309462011869,1116.0,0.0
1007,66.0,20.0,0.9742287263281577,1120.0,0.0
1008,11.0,2.0,0.9881636388721778,101.0,0.0
1009,48.0,6.0,0.9524966939080937,1129.0,0.0
1010,36.0,10.0,0.9724812851496272,620.0,0.0
1011,34.0,21.0,0.9608248457645979,621.0,0.0
1012,16.0,2.0,0.9937442950869096,112.0,0.0
1013,28.0,14.0,1.0,624.0,0.0
1014,60.0,22.0,0.9702636937357382,625.0,0.0
1015,34.0,0.0,0.9964659000761141,626.0,0.0
1016,68.0,20.0,0.9737381908322505,1136.0,0.0
1017,56.0,22.0,1.0,631.0,0.0
1018,57.0,22.0,0.9634786400923637,635.0,0.0
1019,69.0,20.0,0.9600024690344214,1151.0,0.0
1020,67.0,7.0,0.9606383719313485,1152.0,0.0
1021,19.0,20.0,0.9549676241468802,641.0,0.0
1022,25.0,8.0,1.0,646.0,0.0
1023,61.0,8.0,1.0,1160.0,0.0
1024,26.0,14.0,1.0,649.0,0.0
1025,70.0,20.0,0.9659117292216793,1165.0,0.0
1026,60.0,0.0,0.9830953639834499,1167.0,0.0
1027,27.0,2.0,0.9950519852906988,146.0,0.0
1028,62.0,9.0,0.9774502502365897,659.0,0.0
1029,28.0,16.0,1.0,1174.0,0.0
1030,61.0,0.0,0.9585096193242127,1178.0,0.0
1031,33.0,2.0,0.9923454317191649,155.0,0.0
1032,36.0,0.0,0.9706381547842815,669.0,0.0
1033,62.0,1.0,0.9934065204845881,671.0,0.0
1034,63.0,8.0,1.0,1185.0,0.0
1035,62.0,8.0,1.0,1186.0,0.0
1036,63.0,1.0,0.9862389072165619,680.0,0.0
1037,30.0,16.0,0.9622782434267275,1198.0,0.0
1038,36.0,15.0,1.0,1201.0,0.0
1039,5.0,14.0,1.0,181.0,0.0
1040,60.0,18.0,0.9514420698193201,1206.0,0.0
1041,49.0,17.0,0.9509308405510365,695.0,0.0
1042,67.0,8.0,1.0,1209.0,0.0
1043,19.0,6.0,0.9724430980195371,700.0,0.0
1044,41.0,21.0,0.9667979145323261,703.0,0.0
1045,46.0,19.0,0.9597911432109205,710.0,0.0
1046,66.0,18.0,0.9754034536089725,1222.0,0.0
1047,32.0,16.0,1.0,1226.0,0.0
1048,40.0,19.0,0.9671738525628579,715.0,0.0
1049,41.0,19.0,0.9838642106181219,716.0,0.0
1050,14.0,9.0,0.9969879510762477,210.0,0.0
1051,20.0,22.0,1.0,211.0,0.0
1052,7.0,17.0,0.9945287122888142,216.0,0.0
1053,17.0,9.0,0.9848987479504164,217.0,0.0
1054,64.0,22.0,0.9554015456993786,729.0,0.0
1055,6.0,19.0,0.987259775428052,221.0,0.0
1056,71.0,18.0,0.9593725027676878,1245.0,0.0
1057,44.0,19.0,0.9692972472098531,738.0,0.0
1058,43.0,19.0,0.9627141602474505,739.0,0.0
1059,72.0,18.0,0.9703552832177089,1252.0,0.0
1060,73.0,18.0,0.9610896153212676,1254.0,0.0
1061,68.0,1.0,0.9891460830834637,745.0,0.0
1062,34.0,16.0,1.0,1260.0,0.0
1063,70.0,1.0,0.9830567126206079,749.0,0.0
1064,75.0,18.0,0.9725033049856857,1261.0,0.0
1065,41.0,0.0,0.9602769909656235,751.0,0.0
1066,20.0,9.0,0.9535292745668644,246.0,0.0
1067,30.0,8.0,1.0,767.0,0.0
1068,23.0,6.0,1.0,774.0,0.0
1069,42.0,7.0,0.9746166779377221,776.0,0.0
1070,35.0,20.0,0.9571247096697877,786.0,0.0
1071,23.0,9.0,0.9923876796628142,282.0,0.0
1072,24.0,9.0,0.9821891406473523,283.0,0.0
1073,44.0,7.0,0.972198669301678,794.0,0.0
1074,43.0,10.0,0.9611041985629402,798.0,0.0
1075,5.0,15.0,1.0,289.0,0.0
1076,35.0,14.0,1.0,801.0,0.0
1077,56.0,2.0,0.9948657405626166,293.0,0.0
1078,74.0,1.0,0.9880977516052938,808.0,0.0
1079,59.0,2.0,0.9847672143960026,297.0,0.0
1080,34.0,1.0,0.9851171039655436,303.0,0.0
1081,45.0,0.0,0.9836430106441534,832.0,0.0
1082,23.0,15.0,1.0,837.0,0.0
1083,24.0,15.0,1.0,839.0,0.0
1084,6.0,15.0,1.0,329.0,0.0
1085,50.0,10.0,0.9588188723228079,843.0,0.0
1086,5.0,6.0,0.9540002400588373,332.0,0.0
1087,49.0,10.0,1.0,852.0,0.0
1088,40.0,14.0,1.0,858.0,0.0
1089,34.0,22.0,1.0,347.0,0.0
1090,45.0,21.0,1.0,863.0,0.0
1091,46.0,21.0,0.9683395268260943,866.0,0.0
1092,60.0,17.0,0.9740986807352037,872.0,0.0
1093,33.0,9.0,0.9902843391016923,362.0,0.0
1094,49.0,7.0,0.955225729837981,877.0,0.0
1095,24.0,6.0,0.972789722904595,878.0,0.0
1096,40.0,22.0,1.0,371.0,0.0
1097,46.0,0.0,0.9626596513261273,886.0,0.0
1098,102.0,2.0,0.9859606961625275,891.0,0.0
1099,42.0,22.0,1.0,380.0,0.0
1100,43.0,22.0,1.0,382.0,0.0
1101,48.0,0.0,0.950555619496728,894.0,0.0
1102,8.0,15.0,1.0,384.0,0.0
1103,57.0,7.0,0.9746643459215618,897.0,0.0
1104,38.0,9.0,0.9885306114917415,386.0,0.0
1105,62.0,17.0,0.9880278812374712,900.0,0.0
1106,6.0,6.0,0.9532758546605189,391.0,0.0
1107,13.0,14.0,1.0,395.0,0.0
1108,56.0,7.0,0.9512312864356441,909.0,0.0
1109,41.0,1.0,0.9637490885341228,403.0,0.0
1110,18.0,16.0,1.0,918.0,0.0
1111,19.0,18.0,0.9625868522404899,919.0,0.0
1112,39.0,9.0,0.9609556244885503,408.0,0.0
1113,71.0,2.0,0.9913554696162796,409.0,0.0
1114,30.0,6.0,0.9527190525109352,924.0,0.0
1115,55.0,10.0,0.9504686887676513,926.0,0.0
1116,16.0,0.0,0.9604099326009061,418.0,0.0
1117,74.0,2.0,0.9938678771344248,419.0,0.0
1118,49.0,0.0,0.9606361083960607,945.0,0.0
1119,15.0,14.0,1.0,436.0,0.0
1120,14.0,14.0,1.0,437.0,0.0
1121,47.0,22.0,0.9583255051479204,445.0,0.0
1122,24.0,17.0,0.9750876997229705,447.0,0.0
1123,26.0,17.0,0.9741983860187307,448.0,0.0
1124,25.0,17.0,0.9856095728089593,453.0,0.0
1125,16.0,19.0,0.9705300124829205,456.0,0.0
1126,56.0,21.0,0.9600242129908947,968.0,0.0
1127,62.0,10.0,0.9588604210238432,970.0,0.0
1128,65.0,10.0,1.0,971.0,0.0
1129,53.0,20.0,0.9615169568039187,979.0,0.0
1130,54.0,21.0,1.0,984.0,0.0
1131,33.0,6.0,0.9719517567218605,985.0,0.0
1132,74.0,22.0,0.9585442498928666,987.0,0.0
1133,49.0,1.0,0.9833738167891558,476.0,0.0
1134,48.0,9.0,0.9944086249119585,477.0,0.0
1135,35.0,6.0,1.0,988.0,0.0
1136,51.0,20.0,0.9512126098970031,989.0,0.0
1137,50.0,20.0,0.9760371236102096,990.0,0.0
1138,63.0,10.0,0.9763506110630351,991.0,0.0
1139,59.0,7.0,0.979801156594892,993.0,0.0
1140,12.0,20.0,0.9704759956670744,487.0,0.0
1141,61.0,10.0,1.0,1001.0,0.0
1142,16.0,14.0,1.0,491.0,0.0
1143,22.0,16.0,1.0,1017.0,0.0
1144,22.0,19.0,0.9652921155220006,506.0,0.0
1145,31.0,17.0,0.9560861719808691,507.0,0.0
1146,66.0,10.0,0.9764059150119401,1021.0,0.0
1147,55.0,20.0,0.9523627842651896,1022.0,0.0
1148,75.0,22.0,1.0,1031.0,0.0
1149,24.0,2.0,0.9916082153074683,136.0,0.0
1150,56.0,17.0,0.9694049734078642,782.0,0.0
1151,57.0,6.0,1.0,1171.0,0.0
1152,27.0,16.0,1.0,1173.0,0.0
1153,33.0,8.0,1.0,792.0,0.0
1154,44.0,10.0,0.9567089592122093,797.0,0.0
1155,54.0,18.0,0.9733376432720876,1182.0,0.0
1156,43.0,1.0,0.9951433753908607,416.0,0.0
1157,31.0,7.0,0.9705501412046551,544.0,0.0
1158,57.0,19.0,1.0,930.0,0.0
1159,29.0,7.0,0.9812348543301356,551.0,0.0
1160,72.0,22.0,0.9615434638340344,936.0,0.0
1161,28.0,0.0,0.9735799932799761,556.0,0.0
1162,42.0,9.0,0.9573274203601626,430.0,0.0
1163,85.0,1.0,0.9952414810067771,946.0,0.0
1164,20.0,0.0,0.9789677336271198,435.0,0.0
1165,63.0,20.0,1.0,1074.0,0.0
1166,19.0,14.0,1.0,568.0,0.0
1167,19.0,22.0,0.9577814603968339,190.0,0.0
1168,61.0,18.0,0.9588891851281482,1214.0,0.0
1169,38.0,2.0,0.9870175518417268,192.0,0.0
1170,23.0,14.0,1.0,576.0,0.0
1171,14.0,0.0,0.9938327608943478,322.0,0.0
1172,45.0,19.0,0.980170725331867,708.0,0.0
1173,40.0,2.0,0.9784818964315781,197.0,0.0
1174,39.0,7.0,0.9672292643949726,709.0,0.0
1175,7.0,15.0,1.0,327.0,0.0
1176,43.0,9.0,0.9836309863451638,457.0,0.0
1177,57.0,21.0,0.9680856060694417,969.0,0.0
1178,31.0,16.0,1.0,1225.0,0.0
1179,18.0,10.0,1.0,333.0,0.0
1180,65.0,6.0,1.0,1230.0,0.0
1181,66.0,19.0,0.9646582553329609,976.0,0.0
1182,69.0,8.0,1.0,1232.0,0.0
1183,16.0,15.0,1.0,723.0,0.0
1184,16.0,9.0,0.9798016899069175,213.0,0.0
1185,74.0,21.0,1.0,1238.0,0.0
1186,48.0,1.0,0.9904123514739389,471.0,0.0
1187,38.0,8.0,1.0,857.0,0.0
1188,32.0,6.0,1.0,986.0,0.0
1189,70.0,18.0,0.9581791413961342,1244.0,0.0
1190,27.0,20.0,1.0,735.0,0.0
1191,33.0,17.0,0.9584656015089831,481.0,0.0
1192,35.0,16.0,1.0,1263.0,0.0
1193,9.0,14.0,1.0,241.0,0.0
1194,21.0,21.0,0.9925757093179163,497.0,0.0
1195,18.0,20.0,1.0,628.0,0.0
1196,22.0,10.0,0.9515178972951717,373.0,0.0
1197,32.0,17.0,0.9689652167515752,504.0,0.0
1198,3.0,9.0,0.9963344322311802,122.0,0.0
